{
  "project_info": {
    "project_number": "220510927014",
    "firebase_url": "https://uberclone-58fcd-default-rtdb.firebaseio.com",
    "project_id": "uberclone-58fcd",
    "storage_bucket": "uberclone-58fcd.appspot.com"
  },
  "client": [
    {
      "client_info": {
        "mobilesdk_app_id": "1:220510927014:android:ca35183d74507016961c67",
        "android_client_info": {
          "package_name": "com.optic.uberclone"
        }
      },
      "oauth_client": [],
      "api_key": [
        {
          "current_key": "AIzaSyBl97AJRKbWpWODqQwzqRZWQEJrQPJk3Gk"
        }
      ],
      "services": {
        "appinvite_service": {
          "other_platform_oauth_client": []
        }
      }
    }
  ],
  "configuration_version": "1"
}